start_offset(uint64),start_time(double),start_time_offset(double),center_frequency(double)
99377408,12.423472810298376,0.0012804492143914104,918213718.0253906,17,1,10,253,0,78,0,128,91,45,184,30,179,0,4,119,255,0,167,2,141
99695872,12.463252500104337,0.0012608193792402744,918210867.1630859,17,1,10,253,0,78,0,128,204,153,162,206,5,0,10,119,255,0,58,242,253
100013824,12.503024555038833,0.001280497177504003,918211899.3139648,17,1,10,253,0,78,0,128,93,111,221,3,41,0,16,119,255,0,158,182,205
100331776,12.542759462082378,0.0012790270848199725,918214268.2460938,17,1,10,253,0,78,0,128,66,226,254,18,208,0,22,119,255,0,195,232,29
100967680,12.622256742552095,0.0012805069563910365,914708054.3706055,17,1,10,253,1,78,0,128,148,191,233,59,77,0,34,119,255,0,205,174,157
101285632,12.66199217439591,0.001280515338294208,914709550.6411133,17,1,10,253,1,78,0,128,151,233,94,227,160,0,40,119,255,0,112,61,125
102238976,12.781160201700024,0.001280261087231338,918212107.9819336,17,2,10,253,16,78,0,128,57,111,157,227,47,0,58,119,255,0,244,166,173
102557184,12.820916069144934,0.001260280143469572,918215133.7412109,17,2,10,253,16,78,0,128,20,34,77,80,136,0,64,119,255,0,184,69,141
103192576,12.900360040771394,0.0012803473509848118,914711766.9873047,17,2,10,253,17,78,0,128,147,224,115,212,183,0,76,119,255,0,131,176,13
103510528,12.940084496219262,0.0012604256626218557,914708004.5102539,17,2,10,253,17,78,0,128,163,91,17,231,146,0,82,119,255,0,178,175,45
103827968,12.979800332038455,0.0012807341990992427,914707277.4692383,17,2,10,253,17,78,0,128,239,125,164,116,43,0,88,119,255,0,151,69,101
104463872,13.05927318049091,0.0012808283790946007,918208266.277832,17,3,10,253,32,78,0,128,73,249,156,202,172,0,100,119,255,0,172,98,141
104781568,13.098964361529417,0.0012600572081282735,918211321.0986328,17,3,10,253,32,78,0,128,66,242,75,162,179,0,106,119,255,0,217,22,61
105099264,13.13870479468646,0.0012805381556972861,918214153.5576172,17,3,10,253,32,78,0,128,11,215,119,73,168,0,112,119,255,0,202,55,13
105417472,13.178472354830793,0.0012802499113604426,918211380.703125,17,3,10,253,32,78,0,128,184,50,81,34,86,0,118,119,255,0,61,35,221
105735680,13.218228688751898,0.0012607354437932372,914709429.7451172,17,3,10,253,33,78,0,128,87,105,76,97,220,0,124,119,255,0,249,230,253
106048768,13.257392560242847,0.0012806740123778582,914708507.184082,17,3,10,253,33,78,0,128,31,60,2,205,11,0,130,119,255,0,42,117,45
106361344,13.296437067035205,0.0012611440615728498,914710766.2304688,17,3,10,253,33,78,0,128,203,245,128,178,178,0,136,119,255,0,210,149,173
106673920,13.335508545450486,0.0012605857336893678,914707250.7492676,17,3,10,253,33,78,0,128,66,185,143,40,105,0,142,119,255,0,217,91,125
106986240,13.374576008640402,0.0012804371071979403,918207887.0361328,17,4,10,253,48,78,0,128,57,253,83,145,25,0,148,119,255,0,197,158,141
107611392,13.452692188378043,0.0012605433585122228,918212896.5234375,17,4,10,253,48,78,0,128,15,173,248,20,144,0,160,119,255,0,238,7,237
107923712,13.491760435508736,0.0012802249984815717,918214899.4941406,17,4,10,253,48,78,0,128,175,204,209,43,42,0,166,119,255,0,80,210,237
108236288,13.530824355370916,0.0012801081174984574,914707264.8730469,17,4,10,253,49,78,0,128,251,184,48,133,47,0,172,119,255,0,216,128,141
108548864,13.569875672398686,0.0012593884021043777,914713255.7539062,17,4,10,253,49,78,0,128,208,150,213,137,201,0,178,119,255,0,70,170,125
109173760,13.648008963614322,0.0012810310581699014,914711340.4023438,17,4,10,253,49,78,0,128,199,211,62,110,235,0,190,119,255,0,187,126,189
109486336,13.687059744549535,0.0012597752502188087,918214446.5039062,17,5,10,253,64,78,0,128,243,32,66,157,154,0,196,119,255,0,74,84,13
109798656,13.72612785151618,0.0012802704004570842,918211802.394043,17,5,10,253,64,78,0,128,167,236,246,84,65,0,202,119,255,0,218,76,101
110111232,13.76519967533572,0.0012800574768334627,918212773.8237305,17,5,10,253,64,78,0,128,197,18,27,81,9,0,208,119,255,0,230,130,45
110423808,13.804243831368714,0.0012601767666637897,918212314.7978516,17,5,10,253,64,78,0,128,18,203,79,48,221,0,214,119,255,0,13,14,141
110736128,13.84331992634458,0.0012797062518075109,914713850.9794922,17,5,10,253,65,78,0,128,205,229,48,7,173,0,220,119,255,0,133,60,53
111048704,13.882384022226729,0.001279765390790999,914713305.4492188,17,5,10,253,65,78,0,128,255,20,80,98,218,0,226,119,255,0,208,248,45
111361280,13.921428759987085,0.0012604664079844952,914707948.8217773,17,5,10,253,65,78,0,128,162,63,51,139,64,0,232,119,255,0,47,234,157
111673600,13.96050424483025,0.0012803394347429276,914713229.125,17,5,10,253,65,78,0,128,165,231,226,37,86,0,238,119,255,0,172,176,181
111986176,13.99956841708085,0.001280474942177534,918208552.9018555,17,6,10,253,80,78,0,128,28,113,60,196,149,0,244,119,255,0,208,5,109
112298752,14.03863257384821,0.0012805949663743377,918206565.8607178,17,6,10,253,80,78,0,128,177,121,19,188,115,0,250,119,255,0,204,96,29
112611328,14.077684180051639,0.001260164426639676,914450738.1196289,17,6,10,253,80,78,0,128,240,227,69,147,196,0,0,120,255,0,172,173,221
112923648,14.116751937423073,0.0012803099816665053,914447035.3582764,17,6,10,253,80,78,0,128,176,250,158,118,58,0,6,120,255,0,11,202,205
113236224,14.155815767878286,0.001280103693716228,914709952.5478516,17,6,10,253,81,78,0,128,83,201,115,13,215,0,12,120,255,0,121,23,205
113548800,14.19486816256269,0.0012604616349563003,914712609.6308594,17,6,10,253,81,78,0,128,127,131,73,60,252,0,18,120,255,0,30,45,45
113861120,14.23393685696105,0.0012805905425921082,914707243.6901855,17,6,10,253,81,78,0,128,14,235,6,131,13,0,24,120,255,0,42,37,85
114173696,14.273001137361481,0.001280834199860692,914709060.0839844,17,6,10,253,81,78,0,128,15,86,164,16,148,0,30,120,255,0,5,139,61
114798592,14.351108294263273,0.0012603425420820713,914450086.6967773,62,1,254,253,112,64,0,118,255,255,28,119,230,0,0,40,0,11,1,3,45,19,20,1,0,17,1,3,41,1,16,3,16,0,0,0,0,0,1,36,18,0,34,97,0,0,0,2,7,0,112,36,53,4,97,0,15,8,0,6,240,255,0,208,115,152
115111168,14.390184398679613,0.0012804102152585983,914450028.5107422,62,1,254,253,112,64,0,118,255,255,28,119,230,0,0,40,0,11,1,3,45,19,20,1,0,17,1,3,41,1,16,3,16,0,0,0,0,0,1,36,18,0,34,97,0,0,0,2,7,0,112,36,53,4,97,0,15,8,0,12,240,255,0,88,115,176
115423744,14.429236252382017,0.0012602271744981408,914449816.684082,62,1,254,253,112,64,0,118,255,255,28,119,230,0,0,40,0,11,1,3,45,19,20,1,0,17,1,3,41,1,16,3,16,0,0,0,0,0,1,36,18,0,34,97,0,0,0,2,7,0,112,36,53,4,97,0,15,8,0,18,240,255,0,64,118,160
115736064,14.468303973315455,0.0012803362915292382,914707367.8115234,62,1,254,253,112,64,0,118,255,255,28,119,230,0,0,40,0,11,1,3,45,19,20,1,0,17,1,3,41,1,16,3,16,0,0,0,0,0,1,36,18,0,34,97,0,0,0,2,7,0,112,36,53,4,97,0,15,8,0,24,240,255,0,200,118,112
116048896,14.507380479652985,0.0012603809591382742,914706998.9104004,62,1,254,253,113,64,0,118,255,255,28,119,230,0,0,40,0,11,1,3,45,19,20,1,0,17,1,3,41,1,16,3,16,0,0,0,0,0,1,36,18,0,34,97,0,0,0,2,7,0,112,36,53,4,97,0,15,8,0,30,240,255,0,176,99,208
116361216,14.546419997755057,0.0012602872448042035,914707223.5871582,62,1,254,253,113,64,0,118,255,255,28,119,230,0,0,40,0,11,1,3,45,19,20,1,0,17,1,3,41,1,16,3,16,0,0,0,0,0,1,36,18,0,34,97,0,0,0,2,7,0,112,36,53,4,97,0,15,8,0,36,240,255,0,248,105,128
116673536,14.585496548147663,0.0012802721466869116,914707336.4597168,62,1,254,253,113,64,0,118,255,255,28,119,230,0,0,40,0,11,1,3,45,19,20,1,0,17,1,3,41,1,16,3,16,0,0,0,0,0,1,36,18,0,34,97,0,0,0,2,7,0,112,36,53,4,97,0,15,8,0,42,240,255,0,160,106,192
116986112,14.62456054775434,0.0012802350101992488,914449818.8217773,62,1,254,253,113,64,0,118,255,255,28,119,230,0,0,40,0,11,1,3,45,19,20,1,0,17,1,3,41,1,16,3,16,0,0,0,0,0,1,36,18,0,34,97,0,0,0,2,7,0,112,36,53,4,97,0,15,8,0,48,240,255,0,104,108,136
117298688,14.663604727303229,0.0012603778159245849,914449938.9990234,62,1,254,253,114,64,0,118,255,255,28,119,230,0,0,40,0,11,1,3,45,19,20,1,0,17,1,3,41,1,16,3,16,0,0,0,0,0,1,36,18,0,34,97,0,0,0,2,7,0,112,36,53,4,97,0,15,8,0,54,240,255,0,16,83,176
117611264,14.702676715501203,0.001260329270735383,914449342.3520508,62,1,254,253,114,64,0,118,255,255,28,119,230,0,0,40,0,11,1,3,45,19,20,1,0,17,1,3,41,1,16,3,16,0,0,0,0,0,1,36,18,0,34,97,0,0,0,2,7,0,112,36,53,4,97,0,15,8,0,60,240,255,0,152,83,136
117923584,14.741744230728768,0.0012802326818928123,914449818.4233398,62,1,254,253,114,64,0,118,255,255,28,119,230,0,0,40,0,11,1,3,45,19,20,1,0,17,1,3,41,1,16,3,16,0,0,0,0,0,1,36,18,0,34,97,0,0,0,2,7,0,112,36,53,4,97,0,15,8,0,66,240,255,0,128,71,120
118236160,14.780808329986959,0.0012802951969206333,914707389.2927246,62,1,254,253,114,64,0,118,255,255,28,119,230,0,0,40,0,11,1,3,45,19,20,1,0,17,1,3,41,1,16,3,16,0,0,0,0,0,1,36,18,0,34,97,0,0,0,2,7,0,112,36,53,4,97,0,15,8,0,72,240,255,0,8,71,80
118548736,14.819860426997385,0.001260355464182794,914706047.6508789,62,2,254,1,0,64,0,118,255,255,28,119,230,0,0,40,0,11,1,3,45,19,20,1,0,17,1,3,41,1,16,3,16,0,0,0,0,0,1,36,18,0,34,97,0,0,0,2,7,0,112,36,53,4,97,0,15,8,0,78,240,255,0,56,245,128
118861056,14.858927970164627,0.0012802868150174618,914706545.9519043,62,2,254,1,0,64,0,118,255,255,28,119,230,0,0,40,0,11,1,3,45,19,20,1,0,17,1,3,41,1,16,3,16,0,0,0,0,0,1,36,18,0,34,97,0,0,0,2,7,0,112,36,53,4,97,0,15,8,0,84,240,255,0,240,243,128
119173632,14.897992015988185,0.0012802958954125643,914706870.3762207,62,2,254,1,0,64,0,118,255,255,28,119,230,0,0,40,0,11,1,3,45,19,20,1,0,17,1,3,41,1,16,3,16,0,0,0,0,0,1,36,18,0,34,97,0,0,0,2,7,0,112,36,53,4,97,0,15,8,0,90,240,255,0,168,240,160
119486208,14.937044087736487,0.0012603309005498886,914448707.4150391,62,2,254,1,0,64,0,118,255,255,28,119,230,0,0,40,0,11,1,3,45,19,20,1,0,17,1,3,41,1,16,3,16,0,0,0,0,0,1,36,18,0,34,97,0,0,0,2,7,0,112,36,53,4,97,0,15,8,0,96,240,255,0,224,250,80
119798528,14.976112697733738,0.001280375407077372,914449271.7578125,62,2,254,1,1,64,0,118,255,255,28,119,230,0,0,40,0,11,1,3,45,19,20,1,0,17,1,3,41,1,16,3,16,0,0,0,0,0,1,36,18,0,34,97,0,0,0,2,7,0,112,36,53,4,97,0,15,8,0,102,240,255,0,152,239,176
120111104,15.015176649959377,0.0012802908895537257,914449744.8620605,62,2,254,1,1,64,0,118,255,255,28,119,230,0,0,40,0,11,1,3,45,19,20,1,0,17,1,3,41,1,16,3,16,0,0,0,0,0,1,36,18,0,34,97,0,0,0,2,7,0,112,36,53,4,97,0,15,8,0,108,240,255,0,16,239,160
120423680,15.054228665828324,0.0012602700153365731,914448928.3942871,62,2,254,1,1,64,0,118,255,255,28,119,230,0,0,40,0,11,1,3,45,19,20,1,0,17,1,3,41,1,16,3,16,0,0,0,0,0,1,36,18,0,34,97,0,0,0,2,7,0,112,36,53,4,97,0,15,8,0,114,240,255,0,8,234,192
120736000,15.093296334491283,0.0012803268618881702,914706723.8171387,62,2,254,1,1,64,0,118,255,255,28,119,230,0,0,40,0,11,1,3,45,19,20,1,0,17,1,3,41,1,16,3,16,0,0,0,0,0,1,36,18,0,34,97,0,0,0,2,7,0,112,36,53,4,97,0,15,8,0,120,240,255,0,128,234,112
121048576,15.132360397544309,0.0012803531717509031,914707021.5129395,62,2,254,1,2,64,0,118,255,255,28,119,230,0,0,40,0,11,1,3,45,19,20,1,0,17,1,3,41,1,16,3,16,0,0,0,0,0,1,36,18,0,34,97,0,0,0,2,7,0,112,36,53,4,97,0,15,8,0,126,240,255,0,248,213,208
121361152,15.171412411899857,0.0012603307841345668,914706554.3017578,62,2,254,1,2,64,0,118,255,255,28,119,230,0,0,40,0,11,1,3,45,19,20,1,0,17,1,3,41,1,16,3,16,0,0,0,0,0,1,36,18,0,34,97,0,0,0,2,7,0,112,36,53,4,97,0,15,8,0,132,240,255,0,176,253,144
121673472,15.210467997522816,0.0012603045906871557,914706762.0632324,62,2,254,1,2,64,0,118,255,255,28,119,230,0,0,40,0,11,1,3,45,19,20,1,0,17,1,3,41,1,16,3,16,0,0,0,0,0,1,36,18,0,34,97,0,0,0,2,7,0,112,36,53,4,97,0,15,8,0,138,240,255,0,232,254,32
121986304,15.249556496911302,0.0012603423092514277,914449496.3200684,62,2,254,1,2,64,0,118,255,255,28,119,230,0,0,40,0,11,1,3,45,19,20,1,0,17,1,3,41,1,16,3,16,0,0,0,0,0,1,36,18,0,34,97,0,0,0,2,7,0,112,36,53,4,97,0,15,8,0,144,240,255,0,32,248,64
122298624,15.288596048540986,0.0012602821225300431,914449155.0651855,62,3,254,1,16,64,0,118,255,255,28,119,230,0,0,40,0,11,1,3,45,19,20,1,0,17,1,3,41,1,16,3,16,0,0,0,0,0,1,36,18,0,34,97,0,0,0,2,7,0,112,36,53,4,97,0,15,8,0,150,240,255,0,167,129,176
122610944,15.327672564591072,0.0012802326818928123,914449699.0517578,62,3,254,1,16,64,0,118,255,255,28,119,230,0,0,40,0,11,1,3,45,19,20,1,0,17,1,3,41,1,16,3,16,0,0,0,0,0,1,36,18,0,34,97,0,0,0,2,7,0,112,36,53,4,97,0,15,8,0,156,240,255,0,47,129,32
122923520,15.36673662240541,0.001280253753066063,914449138.192627,62,3,254,1,16,64,0,118,255,255,28,119,230,0,0,40,0,11,1,3,45,19,20,1,0,17,1,3,41,1,16,3,16,0,0,0,0,0,1,36,18,0,34,97,0,0,0,2,7,0,112,36,53,4,97,0,15,8,0,162,240,255,0,183,136,216
123236096,15.405780702302783,0.0012602969072759151,914706840.1918945,62,3,254,1,16,64,0,118,255,255,28,119,230,0,0,40,0,11,1,3,45,19,20,1,0,17,1,3,41,1,16,3,16,0,0,0,0,0,1,36,18,0,34,97,0,0,0,2,7,0,112,36,53,4,97,0,15,8,0,168,240,255,0,63,136,112
123548672,15.444852822050072,0.0012603799114003778,914708496.8208008,62,3,254,1,17,64,0,118,255,255,28,119,230,0,0,40,0,11,1,3,45,19,20,1,0,17,1,3,41,1,16,3,16,0,0,0,0,0,1,36,18,0,34,97,0,0,0,2,7,0,112,36,53,4,97,0,15,8,0,174,240,255,0,71,157,128
123860992,15.48392036032787,0.0012803063727915287,914707137.1489258,62,3,254,1,17,64,0,118,255,255,28,119,230,0,0,40,0,11,1,3,45,19,20,1,0,17,1,3,41,1,16,3,16,0,0,0,0,0,1,36,18,0,34,97,0,0,0,2,7,0,112,36,53,4,97,0,15,8,0,180,240,255,0,143,155,48
124486144,15.562036491636738,0.0012603641953319311,914448771.5305176,62,3,254,1,17,64,0,118,255,255,28,119,230,0,0,40,0,11,1,3,45,19,20,1,0,17,1,3,41,1,16,3,16,0,0,0,0,0,1,36,18,0,34,97,0,0,0,2,7,0,112,36,53,4,97,0,15,8,0,192,240,255,0,31,143,128
124798464,15.60110402036848,0.0012802811106666923,914449265.3986816,62,3,254,1,18,64,0,118,255,255,28,119,230,0,0,40,0,11,1,3,45,19,20,1,0,17,1,3,41,1,16,3,16,0,0,0,0,0,1,36,18,0,34,97,0,0,0,2,7,0,112,36,53,4,97,0,15,8,0,198,240,255,0,103,176,224
125111040,15.64016801089476,0.001280234893783927,914449769.248291,62,3,254,1,18,64,0,118,255,255,28,119,230,0,0,40,0,11,1,3,45,19,20,1,0,17,1,3,41,1,16,3,16,0,0,0,0,0,1,36,18,0,34,97,0,0,0,2,7,0,112,36,53,4,97,0,15,8,0,204,240,255,0,239,176,160
125423616,15.679220104412726,0.001260291668586433,914446359.7714844,62,3,254,1,18,64,0,118,255,255,28,119,230,0,0,40,0,11,1,3,45,19,20,1,0,17,1,3,41,1,16,3,16,0,0,0,0,0,1,36,18,0,34,97,0,0,0,2,7,0,112,36,53,4,97,0,15,8,0,210,240,255,0,247,181,0
125735936,15.718288763420828,0.0012803851859644055,914706699.151123,62,3,254,1,18,64,0,118,255,255,28,119,230,0,0,40,0,11,1,3,45,19,20,1,0,17,1,3,41,1,16,3,16,0,0,0,0,0,1,36,18,0,34,97,0,0,0,2,7,0,112,36,53,4,97,0,15,8,0,216,240,255,0,127,181,216
126048512,15.757352701210968,0.0012802862329408526,914707136.8059082,62,4,254,1,32,64,0,118,255,255,28,119,230,0,0,40,0,11,1,3,45,19,20,1,0,17,1,3,41,1,16,3,16,0,0,0,0,0,1,36,18,0,34,97,0,0,0,2,7,0,112,36,53,4,97,0,15,8,0,222,240,255,0,126,105,32
126361088,15.796404741410717,0.0012602896895259619,914706387.6879883,62,4,254,1,32,64,0,118,255,255,28,119,230,0,0,40,0,11,1,3,45,19,20,1,0,17,1,3,41,1,16,3,16,0,0,0,0,0,1,36,18,0,34,97,0,0,0,2,7,0,112,36,53,4,97,0,15,8,0,228,240,255,0,54,99,0
126673408,15.835460367779039,0.0012603042414411902,914706813.407959,62,4,254,1,32,64,0,118,255,255,28,119,230,0,0,40,0,11,1,3,45,19,20,1,0,17,1,3,41,1,16,3,16,0,0,0,0,0,1,36,18,0,34,97,0,0,0,2,7,0,112,36,53,4,97,0,15,8,0,234,240,255,0,110,96,56
126985984,15.874536475920669,0.0012803756399080157,914449940.7734375,62,4,254,1,32,64,0,118,255,255,28,119,230,0,0,40,0,11,1,3,45,19,20,1,0,17,1,3,41,1,16,3,16,0,0,0,0,0,1,36,18,0,34,97,0,0,0,2,7,0,112,36,53,4,97,0,15,8,0,240,240,255,0,166,102,80
127298560,15.91358839714396,0.0012602601200342178,914449115.0124512,62,4,254,1,33,64,0,118,255,255,28,119,230,0,0,40,0,11,1,3,45,19,20,1,0,17,1,3,41,1,16,3,16,0,0,0,0,0,1,36,18,0,34,97,0,0,0,2,7,0,112,36,53,4,97,0,15,8,0,246,240,255,0,222,115,32
127610880,15.952644054828003,0.0012603059876710176,914449569.703125,62,4,254,1,33,64,0,118,255,255,28,119,230,0,0,40,0,11,1,3,45,19,20,1,0,17,1,3,41,1,16,3,16,0,0,0,0,0,1,36,18,0,34,97,0,0,0,2,7,0,112,36,53,4,97,0,15,8,0,252,240,255,0,86,115,160
127923456,15.991720154005653,0.0012803684221580625,914450257.5180664,62,4,254,1,33,64,0,118,255,255,28,119,230,0,0,40,0,11,1,3,45,19,20,1,0,17,1,3,41,1,16,3,16,0,0,0,0,0,1,36,18,0,34,97,0,0,0,2,7,0,112,36,53,4,97,0,15,8,0,2,241,255,0,78,79,176
128236032,16.03077311004474,0.001260334043763578,914707302.6003418,62,4,254,1,33,64,0,118,255,255,28,119,230,0,0,40,0,11,1,3,45,19,20,1,0,17,1,3,41,1,16,3,16,0,0,0,0,0,1,36,18,0,34,97,0,0,0,2,7,0,112,36,53,4,97,0,15,8,0,8,241,255,0,198,79,176
128548352,16.069848671489186,0.0012802836718037724,914707413.5148926,62,4,254,1,34,64,0,118,255,255,28,119,230,0,0,40,0,11,1,3,45,19,20,1,0,17,1,3,41,1,16,3,16,0,0,0,0,0,1,36,18,0,34,97,0,0,0,2,7,0,112,36,53,4,97,0,15,8,0,14,241,255,0,190,112,192
128860928,16.108912713005378,0.0012802884448319674,914707105.5856934,62,4,254,1,34,64,0,118,255,255,28,119,230,0,0,40,0,11,1,3,45,19,20,1,0,17,1,3,41,1,16,3,16,0,0,0,0,0,1,36,18,0,34,97,0,0,0,2,7,0,112,36,53,4,97,0,15,8,0,20,241,255,0,118,118,176
129173504,16.14795680221598,0.0012603409122675657,914707391.6413574,62,4,254,1,34,64,0,118,255,255,28,119,230,0,0,40,0,11,1,3,45,19,20,1,0,17,1,3,41,1,16,3,16,0,0,0,0,0,1,36,18,0,34,97,0,0,0,2,7,0,112,36,53,4,97,0,15,8,0,26,241,255,0,46,117,128
129486080,16.187028846176894,0.001260348130017519,914449373.8442383,62,4,254,1,34,64,0,118,255,255,28,119,230,0,0,40,0,11,1,3,45,19,20,1,0,17,1,3,41,1,16,3,16,0,0,0,0,0,1,36,18,0,34,97,0,0,0,2,7,0,112,36,53,4,97,0,15,8,0,32,241,255,0,102,127,184
129798400,16.226096353488213,0.001280243624933064,914449742.9821777,62,5,254,1,48,64,0,118,255,255,28,119,230,0,0,40,0,11,1,3,45,19,20,1,0,17,1,3,41,1,16,3,16,0,0,0,0,0,1,36,18,0,34,97,0,0,0,2,7,0,112,36,53,4,97,0,15,8,0,38,241,255,0,225,6,232
130110976,16.26516853726393,0.0012803906574845314,914450119.2954102,62,5,254,1,48,64,0,118,255,255,28,119,230,0,0,40,0,11,1,3,45,19,20,1,0,17,1,3,41,1,16,3,16,0,0,0,0,0,1,36,18,0,34,97,0,0,0,2,7,0,112,36,53,4,97,0,15,8,0,44,241,255,0,105,6,72
130423552,16.30421255383137,0.0012603704817593098,914449413.8395996,62,5,254,1,48,64,0,118,255,255,28,119,230,0,0,40,0,11,1,3,45,19,20,1,0,17,1,3,41,1,16,3,16,0,0,0,0,0,1,36,18,0,34,97,0,0,0,2,7,0,112,36,53,4,97,0,15,8,0,50,241,255,0,113,3,224
130735872,16.343280069175346,0.0012802740093320608,914707187.2399902,62,5,254,1,48,64,0,118,255,255,28,119,230,0,0,40,0,11,1,3,45,19,20,1,0,17,1,3,41,1,16,3,16,0,0,0,0,0,1,36,18,0,34,97,0,0,0,2,7,0,112,36,53,4,97,0,15,8,0,56,241,255,0,249,3,160
131048448,16.38234409951567,0.0012802676064893603,914707434.9208984,62,5,254,1,49,64,0,118,255,255,28,119,230,0,0,40,0,11,1,3,45,19,20,1,0,17,1,3,41,1,16,3,16,0,0,0,0,0,1,36,18,0,34,97,0,0,0,2,7,0,112,36,53,4,97,0,15,8,0,62,241,255,0,129,22,128
131361024,16.42139619943648,0.0012603307841345668,914706992.8491211,62,5,254,1,49,64,0,118,255,255,28,119,230,0,0,40,0,11,1,3,45,19,20,1,0,17,1,3,41,1,16,3,16,0,0,0,0,0,1,36,18,0,34,97,0,0,0,2,7,0,112,36,53,4,97,0,15,8,0,68,241,255,0,73,1,144
131673344,16.460451785641514,0.0012603051727637649,914707389.7749023,62,5,254,1,49,64,0,118,255,255,28,119,230,0,0,40,0,11,1,3,45,19,20,1,0,17,1,3,41,1,16,3,16,0,0,0,0,0,1,36,18,0,34,97,0,0,0,2,7,0,112,36,53,4,97,0,15,8,0,74,241,255,0,17,2,8
131985920,16.49952776281591,0.001280245603993535,914450177.4755859,62,5,254,1,49,64,0,118,255,255,28,119,230,0,0,40,0,11,1,3,45,19,20,1,0,17,1,3,41,1,16,3,16,0,0,0,0,0,1,36,18,0,34,97,0,0,0,2,7,0,112,36,53,4,97,0,15,8,0,80,241,255,0,217,4,224
132298496,16.538579857381613,0.0012603034265339375,914449725.0578613,62,5,254,1,50,64,0,118,255,255,28,119,230,0,0,40,0,11,1,3,45,19,20,1,0,17,1,3,41,1,16,3,16,0,0,0,0,0,1,36,18,0,34,97,0,0,0,2,7,0,112,36,53,4,97,0,15,8,0,86,241,255,0,161,59,240
132610816,16.577655389023736,0.0012802232522517443,914450113.6835938,62,5,254,1,50,64,0,118,255,255,28,119,230,0,0,40,0,11,1,3,45,19,20,1,0,17,1,3,41,1,16,3,16,0,0,0,0,0,1,36,18,0,34,97,0,0,0,2,7,0,112,36,53,4,97,0,15,8,0,92,241,255,0,41,59,32
132923392,16.616699551343157,0.00126034882850945,914450279.9155273,62,5,254,1,50,64,0,118,255,255,28,119,230,0,0,40,0,11,1,3,45,19,20,1,0,17,1,3,41,1,16,3,16,0,0,0,0,0,1,36,18,0,34,97,0,0,0,2,7,0,112,36,53,4,97,0,15,8,0,98,241,255,0,177,50,48
133235968,16.65579152677132,0.0012802875135093927,914707469.0993652,62,5,254,1,50,64,0,118,255,255,28,119,230,0,0,40,0,11,1,3,45,19,20,1,0,17,1,3,41,1,16,3,16,0,0,0,0,0,1,36,18,0,34,97,0,0,0,2,7,0,112,36,53,4,97,0,15,8,0,104,241,255,0,57,50,144
133548288,16.694841042909562,0.0012802844867110252,914707277.2197266,62,6,254,1,64,64,0,118,255,255,28,119,230,0,0,40,0,11,1,3,45,19,20,1,0,17,1,3,41,1,16,3,16,0,0,0,0,0,1,36,18,0,34,97,0,0,0,2,7,0,112,36,53,4,97,0,15,8,0,110,241,255,0,197,168,128
133860864,16.73388512315618,0.001260327990166843,914707466.526123,62,6,254,1,64,64,0,118,255,255,28,119,230,0,0,40,0,11,1,3,45,19,20,1,0,17,1,3,41,1,16,3,16,0,0,0,0,0,1,36,18,0,34,97,0,0,0,2,7,0,112,36,53,4,97,0,15,8,0,116,241,255,0,13,174,0
134173440,16.77294919272847,0.0012603608192875981,914707300.1040039,62,6,254,1,64,64,0,118,255,255,28,119,230,0,0,40,0,11,1,3,45,19,20,1,0,17,1,3,41,1,16,3,16,0,0,0,0,0,1,36,18,0,34,97,0,0,0,2,7,0,112,36,53,4,97,0,15,8,0,122,241,255,0,85,173,160
134486016,16.812021166723774,0.0012602980714291334,914447254.9511719,62,6,254,1,64,64,0,118,255,255,28,119,230,0,0,40,0,11,1,3,45,19,20,1,0,17,1,3,41,1,16,3,16,0,0,0,0,0,1,36,18,0,34,97,0,0,0,2,7,0,112,36,53,4,97,0,15,8,0,128,241,255,0,29,133,176
134798336,16.851088739460504,0.0012802589917555451,914449653.3205566,62,6,254,1,65,64,0,118,255,255,28,119,230,0,0,40,0,11,1,3,45,19,20,1,0,17,1,3,41,1,16,3,16,0,0,0,0,0,1,36,18,0,34,97,0,0,0,2,7,0,112,36,53,4,97,0,15,8,0,134,241,255,0,101,144,168
135110912,16.89013287465516,0.0012603574432432652,914449994.0527344,62,6,254,1,65,64,0,118,255,255,28,119,230,0,0,40,0,11,1,3,45,19,20,1,0,17,1,3,41,1,16,3,16,0,0,0,0,0,1,36,18,0,34,97,0,0,0,2,7,0,112,36,53,4,97,0,15,8,0,140,241,255,0,237,144,16
135423488,16.92920490848794,0.0012603545328602195,914449253.4458008,62,6,254,1,65,64,0,118,255,255,28,119,230,0,0,40,0,11,1,3,45,19,20,1,0,17,1,3,41,1,16,3,16,0,0,0,0,0,1,36,18,0,34,97,0,0,0,2,7,0,112,36,53,4,97,0,15,8,0,146,241,255,0,245,149,152
135735808,16.968272446183658,0.0012802804121747613,914707199.2385254,62,6,254,1,65,64,0,118,255,255,28,119,230,0,0,40,0,11,1,3,45,19,20,1,0,17,1,3,41,1,16,3,16,0,0,0,0,0,1,36,18,0,34,97,0,0,0,2,7,0,112,36,53,4,97,0,15,8,0,152,241,255,0,125,149,88
136048640,17.007348914802627,0.0012602873612195253,914707044.2072754,62,6,254,1,66,64,0,118,255,255,28,119,230,0,0,40,0,11,1,3,45,19,20,1,0,17,1,3,41,1,16,3,16,0,0,0,0,0,1,36,18,0,34,97,0,0,0,2,7,0,112,36,53,4,97,0,15,8,0,158,241,255,0,5,170,128
136360960,17.046388616840908,0.0012603775830939412,914711797.5107422,62,6,254,1,66,64,0,118,255,255,28,119,230,0,0,40,0,11,1,3,45,19,20,1,0,17,1,3,41,1,16,3,16,0,0,0,0,0,1,36,18,0,34,97,0,0,0,2,7,0,112,36,53,4,97,0,15,8,0,164,241,255,0,77,160,88
136673280,17.085456133581868,0.0012802825076505542,914707109.447998,62,6,254,1,66,64,0,118,255,255,28,119,230,0,0,40,0,11,1,3,45,19,20,1,0,17,1,3,41,1,16,3,16,0,0,0,0,0,1,36,18,0,34,97,0,0,0,2,7,0,112,36,53,4,97,0,15,8,0,170,241,255,0,21,163,72
136985856,17.12452014005705,0.0012802522396668792,914450088.3046875,62,6,254,1,66,64,0,118,255,255,28,119,230,0,0,40,0,11,1,3,45,19,20,1,0,17,1,3,41,1,16,3,16,0,0,0,0,0,1,36,18,0,34,97,0,0,0,2,7,0,112,36,53,4,97,0,15,8,0,176,241,255,0,221,165,48
137298432,17.163572294809477,0.0012603702489286661,914449553.7980957,62,7,254,1,80,64,0,118,255,255,28,119,230,0,0,40,0,11,1,3,45,19,20,1,0,17,1,3,41,1,16,3,16,0,0,0,0,0,1,36,18,0,34,97,0,0,0,2,7,0,112,36,53,4,97,0,15,8,0,182,241,255,0,90,220,48
137610752,17.20262783374989,0.0012602973729372025,914447645.248291,62,7,254,1,80,64,0,118,255,255,28,119,230,0,0,40,0,11,1,3,45,19,20,1,0,17,1,3,41,1,16,3,16,0,0,0,0,0,1,36,18,0,34,97,0,0,0,2,7,0,112,36,53,4,97,0,15,8,0,188,241,255,0,210,220,104
137923328,17.241703957258345,0.001280384138226509,914450269.9765625,62,7,254,1,80,64,0,118,255,255,28,119,230,0,0,40,0,11,1,3,45,19,20,1,0,17,1,3,41,1,16,3,16,0,0,0,0,0,1,36,18,0,34,97,0,0,0,2,7,0,112,36,53,4,97,0,15,8,0,194,241,255,0,202,200,64
138235904,17.280755897224502,0.0012602873612195253,914707164.8764648,62,7,254,1,80,64,0,118,255,255,28,119,230,0,0,40,0,11,1,3,45,19,20,1,0,17,1,3,41,1,16,3,16,0,0,0,0,0,1,36,18,0,34,97,0,0,0,2,7,0,112,36,53,4,97,0,15,8,0,200,241,255,0,66,200,224
138548224,17.319811518586963,0.0012602969072759151,914707422.262207,62,7,254,1,81,64,0,118,255,255,28,119,230,0,0,40,0,11,1,3,45,19,20,1,0,17,1,3,41,1,16,3,16,0,0,0,0,0,1,36,18,0,34,97,0,0,0,2,7,0,112,36,53,4,97,0,15,8,0,206,241,255,0,58,221,136
138860800,17.358887636391067,0.0012803779682144523,914707562.9538574,62,7,254,1,81,64,0,118,255,255,28,119,230,0,0,40,0,11,1,3,45,19,20,1,0,17,1,3,41,1,16,3,16,0,0,0,0,0,1,36,18,0,34,97,0,0,0,2,7,0,112,36,53,4,97,0,15,8,0,212,241,255,0,242,219,160
139173376,17.397939566927583,0.0012602717615664005,914707210.1318359,62,7,254,1,81,64,0,118,255,255,28,119,230,0,0,40,0,11,1,3,45,19,20,1,0,17,1,3,41,1,16,3,16,0,0,0,0,0,1,36,18,0,34,97,0,0,0,2,7,0,112,36,53,4,97,0,15,8,0,218,241,255,0,170,216,208
139798272,17.47607323882132,0.0012803877471014857,914450283.425293,62,7,254,1,82,64,0,118,255,255,28,119,230,0,0,40,0,11,1,3,45,19,20,1,0,17,1,3,41,1,16,3,16,0,0,0,0,0,1,36,18,0,34,97,0,0,0,2,7,0,112,36,53,4,97,0,15,8,0,230,241,255,0,154,237,128
140110848,17.515125208473385,0.0012603206560015678,914449886.6035156,62,7,254,1,82,64,0,118,255,255,28,119,230,0,0,40,0,11,1,3,45,19,20,1,0,17,1,3,41,1,16,3,16,0,0,0,0,0,1,36,18,0,34,97,0,0,0,2,7,0,112,36,53,4,97,0,15,8,0,236,241,255,0,18,237,144
140423168,17.55420073313059,0.001280233496800065,914450194.9370117,62,7,254,1,82,64,0,118,255,255,28,119,230,0,0,40,0,11,1,3,45,19,20,1,0,17,1,3,41,1,16,3,16,0,0,0,0,0,1,36,18,0,34,97,0,0,0,2,7,0,112,36,53,4,97,0,15,8,0,242,241,255,0,10,232,160
140735744,17.593264823541215,0.0012802871642634273,914707300.8586426,62,7,254,1,82,64,0,118,255,255,28,119,230,0,0,40,0,11,1,3,45,19,20,1,0,17,1,3,41,1,16,3,16,0,0,0,0,0,1,36,18,0,34,97,0,0,0,2,7,0,112,36,53,4,97,0,15,8,0,248,241,255,0,130,232,136
141048320,17.632308865487197,0.001260292367078364,914707458.5307617,62,8,254,1,96,64,0,118,255,255,28,119,230,0,0,40,0,11,1,3,45,19,20,1,0,17,1,3,41,1,16,3,16,0,0,0,0,0,1,36,18,0,34,97,0,0,0,2,7,0,112,36,53,4,97,0,15,8,0,254,241,255,0,243,61,160
141360896,17.67138089524544,0.0012602853821590543,914704908.6939697,62,8,254,1,96,64,0,118,255,255,28,119,230,0,0,40,0,11,1,3,45,19,20,1,0,17,1,3,41,1,16,3,16,0,0,0,0,0,1,36,18,0,34,97,0,0,0,2,7,0,112,36,53,4,97,0,15,8,0,4,242,255,0,187,41,0
141673216,17.71044854714459,0.0012803254649043083,914705390.3703613,62,8,254,1,96,64,0,118,255,255,28,119,230,0,0,40,0,11,1,3,45,19,20,1,0,17,1,3,41,1,16,3,16,0,0,0,0,0,1,36,18,0,34,97,0,0,0,2,7,0,112,36,53,4,97,0,15,8,0,10,242,255,0,227,42,64
141985792,17.74951256514489,0.0012803067220374942,912761179.2797852,62,8,254,1,96,64,0,118,255,255,28,119,230,0,0,40,0,11,1,3,45,19,20,1,0,17,1,3,41,1,16,3,16,0,0,0,0,0,1,36,18,0,34,97,0,0,0,2,7,0,112,36,53,4,97,0,15,8,0,16,242,255,0,43,44,16
142298368,17.788564642713958,0.0012603475479409099,912759938.7696533,62,8,254,1,97,64,0,118,255,255,28,119,230,0,0,40,0,11,1,3,45,19,20,1,0,17,1,3,41,1,16,3,16,0,0,0,0,0,1,36,18,0,34,97,0,0,0,2,7,0,112,36,53,4,97,0,15,8,0,22,242,255,0,83,57,160
142610688,17.827640198919713,0.0012802919372916222,912760922.6638184,62,8,254,1,97,64,0,118,255,255,28,119,230,0,0,40,0,11,1,3,45,19,20,1,0,17,1,3,41,1,16,3,16,0,0,0,0,0,1,36,18,0,34,97,0,0,0,2,7,0,112,36,53,4,97,0,15,8,0,28,242,255,0,219,57,120
142923264,17.86669623193759,0.0012802882120013237,912761193.6611328,62,8,254,1,97,64,0,118,255,255,28,119,230,0,0,40,0,11,1,3,45,19,20,1,0,17,1,3,41,1,16,3,16,0,0,0,0,0,1,36,18,0,34,97,0,0,0,2,7,0,112,36,53,4,97,0,15,8,0,34,242,255,0,67,48,32
143235840,17.90574827504772,0.0012602945789694786,914705113.8995361,62,8,254,1,97,64,0,118,255,255,28,119,230,0,0,40,0,11,1,3,45,19,20,1,0,17,1,3,41,1,16,3,16,0,0,0,0,0,1,36,18,0,34,97,0,0,0,2,7,0,112,36,53,4,97,0,15,8,0,40,242,255,0,203,48,144
143548160,17.94481591751723,0.0012803252320736647,914705630.5878906,62,8,254,1,98,64,0,118,255,255,28,119,230,0,0,40,0,11,1,3,45,19,20,1,0,17,1,3,41,1,16,3,16,0,0,0,0,0,1,36,18,0,34,97,0,0,0,2,7,0,112,36,53,4,97,0,15,8,0,46,242,255,0,179,15,176
143860736,17.983879992793867,0.0012803637655451894,914706035.5117188,62,8,254,1,98,64,0,118,255,255,28,119,230,0,0,40,0,11,1,3,45,19,20,1,0,17,1,3,41,1,16,3,16,0,0,0,0,0,1,36,18,0,34,97,0,0,0,2,7,0,112,36,53,4,97,0,15,8,0,52,242,255,0,123,9,128
144173312,18.022931955926673,0.0012602901551872492,914705349.1047363,62,8,254,1,98,64,0,118,255,255,28,119,230,0,0,40,0,11,1,3,45,19,20,1,0,17,1,3,41,1,16,3,16,0,0,0,0,0,1,36,18,0,34,97,0,0,0,2,7,0,112,36,53,4,97,0,15,8,0,58,242,255,0,35,10,224
144485632,18.0620075651014,0.0012802875135093927,912760910.5671387,62,8,254,1,98,64,0,118,255,255,28,119,230,0,0,40,0,11,1,3,45,19,20,1,0,17,1,3,41,1,16,3,16,0,0,0,0,0,1,36,18,0,34,97,0,0,0,2,7,0,112,36,53,4,97,0,15,8,0,64,242,255,0,235,29,88
144798208,18.101051625091753,0.0012603107606992126,912761322.4389648,62,9,254,1,112,64,0,118,255,255,28,119,230,0,0,40,0,11,1,3,45,19,20,1,0,17,1,3,41,1,16,3,16,0,0,0,0,0,1,36,18,0,34,97,0,0,0,2,7,0,112,36,53,4,97,0,15,8,0,70,242,255,0,108,100,80
145111040,18.140148075585806,0.0012602995848283172,912760137.7452393,62,9,254,1,112,64,0,118,255,255,28,119,230,0,0,40,0,11,1,3,45,19,20,1,0,17,1,3,41,1,16,3,16,0,0,0,0,0,1,36,18,0,34,97,0,0,0,2,7,0,112,36,53,4,97,0,15,8,0,76,242,255,0,228,100,240
145423104,18.17919316392278,0.0012802936835214496,912760954.9291992,62,9,254,1,112,64,0,118,255,255,28,119,230,0,0,40,0,11,1,3,45,19,20,1,0,17,1,3,41,1,16,3,16,0,0,0,0,0,1,36,18,0,34,97,0,0,0,2,7,0,112,36,53,4,97,0,15,8,0,82,242,255,0,252,97,0
145735680,18.21825719449593,0.0012802875135093927,914706122.9355469,62,9,254,1,112,64,0,118,255,255,28,119,230,0,0,40,0,11,1,3,45,19,20,1,0,17,1,3,41,1,16,3,16,0,0,0,0,0,1,36,18,0,34,97,0,0,0,2,7,0,112,36,53,4,97,0,15,8,0,88,242,255,0,116,97,48
146048256,18.257301307804504,0.0012603640789166093,914705487.0061035,62,9,254,1,113,64,0,118,255,255,28,119,230,0,0,40,0,11,1,3,45,19,20,1,0,17,1,3,41,1,16,3,16,0,0,0,0,0,1,36,18,0,34,97,0,0,0,2,7,0,112,36,53,4,97,0,15,8,0,94,242,255,0,12,116,48
146360576,18.296376836303413,0.0012802807614207268,914705938.8271484,62,9,254,1,113,64,0,118,255,255,28,119,230,0,0,40,0,11,1,3,45,19,20,1,0,17,1,3,41,1,16,3,16,0,0,0,0,0,1,36,18,0,34,97,0,0,0,2,7,0,112,36,53,4,97,0,15,8,0,100,242,255,0,68,126,48
146673152,18.335440904245882,0.0012803119607269764,914705109.0408936,62,9,254,1,113,64,0,118,255,255,28,119,230,0,0,40,0,11,1,3,45,19,20,1,0,17,1,3,41,1,16,3,16,0,0,0,0,0,1,36,18,0,34,97,0,0,0,2,7,0,112,36,53,4,97,0,15,8,0,106,242,255,0,28,125,8
146985728,18.37448494677394,0.0012603177456185222,912760699.7814941,62,9,254,1,113,64,0,118,255,255,28,119,230,0,0,40,0,11,1,3,45,19,20,1,0,17,1,3,41,1,16,3,16,0,0,0,0,0,1,36,18,0,34,97,0,0,0,2,7,0,112,36,53,4,97,0,15,8,0,112,242,255,0,212,123,176
147298304,18.413557034972676,0.0012603692011907697,912759818.8022461,62,9,254,1,114,64,0,118,255,255,28,119,230,0,0,40,0,11,1,3,45,19,20,1,0,17,1,3,41,1,16,3,16,0,0,0,0,0,1,36,18,0,34,97,0,0,0,2,7,0,112,36,53,4,97,0,15,8,0,118,242,255,0,172,68,120
147610624,18.45262455660308,0.0012802790151908994,912760373.4367676,62,9,254,1,114,64,0,118,255,255,28,119,230,0,0,40,0,11,1,3,45,19,20,1,0,17,1,3,41,1,16,3,16,0,0,0,0,0,1,36,18,0,34,97,0,0,0,2,7,0,112,36,53,4,97,0,15,8,0,124,242,255,0,36,68,88
147923200,18.491696695791727,0.001280381460674107,912760742.9245605,62,9,254,1,114,64,0,118,255,255,28,119,230,0,0,40,0,11,1,3,45,19,20,1,0,17,1,3,41,1,16,3,16,0,0,0,0,0,1,36,18,0,34,97,0,0,0,2,7,0,112,36,53,4,97,0,15,8,0,130,242,255,0,188,111,152
148235776,18.530740639483177,0.0012602884089574218,914705017.5864258,62,9,254,1,114,64,0,118,255,255,28,119,230,0,0,40,0,11,1,3,45,19,20,1,0,17,1,3,41,1,16,3,16,0,0,0,0,0,1,36,18,0,34,97,0,0,0,2,7,0,112,36,53,4,97,0,15,8,0,136,242,255,0,52,111,80
170532096,21.31777958030309,0.001260426128283143,918212901.0893555,17,1,10,253,0,78,0,128,91,45,184,7,179,0,4,119,255,0,63,145,13
170844416,21.35684898029471,0.0012803069548681378,918211812.0874023,17,1,10,253,0,78,0,128,204,153,162,215,5,0,10,119,255,0,162,97,205
171156992,21.39589299814272,0.0012602880597114563,918211642.9541016,17,1,10,253,0,78,0,128,93,111,221,26,41,0,16,119,255,0,6,37,93
171469312,21.434968048523903,0.0012797266244888306,918213155.1806641,17,1,10,253,0,78,0,128,66,226,254,11,208,0,22,119,255,0,91,123,77
172094464,21.513096813750074,0.0012804183643311262,914708147.0029297,17,1,10,253,1,78,0,128,148,191,233,34,77,0,34,119,255,0,85,61,221
172407040,21.55214884952604,0.001260417397134006,914709774.6728516,17,1,10,253,1,78,0,128,151,233,94,250,160,0,40,119,255,0,232,174,141
173031936,21.630280881360726,0.0012808006722480059,918215796.6640625,17,2,10,253,16,78,0,128,144,140,16,106,128,0,52,119,255,0,208,148,29
173344512,21.6693328602096,0.0012607427779585123,918211745.4135742,17,2,10,253,16,78,0,128,57,111,157,248,47,0,58,119,255,0,238,22,141
173656832,21.708400527126326,0.001280797878280282,918213877.8505859,17,2,10,253,16,78,0,128,20,34,77,75,136,0,64,119,255,0,162,245,253
173969408,21.747464142795273,0.001280376804061234,918214903.2021484,17,2,10,253,16,78,0,128,11,37,200,201,158,0,70,119,255,0,33,88,173
174282240,21.78654837776869,0.0012601501075550914,914713369.3271484,17,2,10,253,17,78,0,128,147,224,115,207,183,0,76,119,255,0,153,0,93
174594304,21.825583700434475,0.0012802858836948872,914708081.984375,17,2,10,253,17,78,0,128,163,91,17,252,146,0,82,119,255,0,168,31,165
174906880,21.86464828665796,0.0012808353640139103,914706937.9770508,17,2,10,253,17,78,0,128,239,125,164,111,43,0,88,119,255,0,141,245,13
175219456,21.903700161780783,0.001260673743672669,914713635.4423828,17,2,10,253,17,78,0,128,31,15,241,253,164,0,94,119,255,0,165,123,61
175531776,21.942775386086456,0.0012802862329408526,918206842.335083,17,3,10,253,32,78,0,128,73,249,156,211,172,0,100,119,255,0,52,241,53
175844352,21.981839200942016,0.0012800643453374505,918209073.78125,17,3,10,253,32,78,0,128,66,242,75,187,179,0,106,119,255,0,65,133,13
176156928,22.020903220921376,0.0012800475815311074,918213192.5341797,17,3,10,253,32,78,0,128,11,215,119,80,168,0,112,119,255,0,82,164,93
176469248,22.059960921694316,0.0012802291894331574,918210090.9711914,17,3,10,253,32,78,0,128,184,50,81,59,86,0,118,119,255,0,165,176,181
176781824,22.09901714912578,0.00128041987773031,914709599.7670898,17,3,10,253,33,78,0,128,87,105,76,120,220,0,124,119,255,0,97,117,253
177094400,22.13806904147807,0.001260275486856699,914708245.7548828,17,3,10,253,33,78,0,128,31,60,2,212,11,0,130,119,255,0,178,230,141
177406720,22.17714479116609,0.0012804133584722877,914709968.0664062,17,3,10,253,33,78,0,128,203,245,128,171,178,0,136,119,255,0,74,6,141
177719296,22.2162088541027,0.0012804395519196987,914706962.1574707,17,3,10,253,33,78,0,128,66,185,143,49,105,0,142,119,255,0,65,200,149
178031872,22.255273028798022,0.0012805775040760636,918208232.3693848,17,4,10,253,48,78,0,128,57,253,83,142,25,0,148,119,255,0,91,109,157
178656768,22.333393140341325,0.0012810404878109694,918212812.4101562,17,4,10,253,48,78,0,128,15,173,248,11,144,0,160,119,255,0,112,244,189
178969344,22.37245640548374,0.0012802688870579004,918214381.421875,17,4,10,253,48,78,0,128,175,204,209,52,42,0,166,119,255,0,206,33,77
179281920,22.411508256857836,0.0012600835179910064,914707005.6374512,17,4,10,253,49,78,0,128,251,184,48,154,47,0,172,119,255,0,70,115,77
179594240,22.450575649034402,0.0012798638781532645,914713247.4228516,17,4,10,253,49,78,0,128,208,150,213,150,201,0,178,119,255,0,216,89,125
179906816,22.489640610580885,0.0012807886814698577,914712870.4560547,17,4,10,253,49,78,0,128,44,102,25,72,204,0,184,119,255,0,215,192,237
180219392,22.52869120455309,0.001259345910511911,914711188.9492188,17,4,10,253,49,78,0,128,199,211,62,113,235,0,190,119,255,0,37,141,13
180531712,22.567759845283984,0.001280374825000763,918214293.5019531,17,5,10,253,64,78,0,128,243,32,66,132,154,0,196,119,255,0,210,199,245
180844288,22.606823639999696,0.0012801327975466847,918211604.9077148,17,5,10,253,64,78,0,128,167,236,246,77,65,0,202,119,255,0,66,223,77
181156864,22.64587612921334,0.0012605852680280805,918212655.9233398,17,5,10,253,64,78,0,128,197,18,27,72,9,0,208,119,255,0,126,17,109
181469184,22.68494336003827,0.0012802042765542865,918213012.6943359,17,5,10,253,64,78,0,128,18,203,79,41,221,0,214,119,255,0,149,157,221
181781760,22.72401501447352,0.0012798219686374068,914712761.4853516,17,5,10,253,65,78,0,128,205,229,48,30,173,0,220,119,255,0,29,175,45
182094336,22.763059697285847,0.0012604680377990007,914713606.1074219,17,5,10,253,65,78,0,128,255,20,80,123,218,0,226,119,255,0,72,107,61
182406656,22.802137258163444,0.0012805097503587604,914707916.7143555,17,5,10,253,65,78,0,128,162,63,51,146,64,0,232,119,255,0,183,121,29
182719232,22.84120130631531,0.0012805211590602994,914712712.5429688,17,5,10,253,65,78,0,128,165,231,226,60,86,0,238,119,255,0,52,35,77
183031808,22.880281573677227,0.0012807517778128386,918209249.3793945,17,6,10,253,80,78,0,128,28,113,60,223,149,0,244,119,255,0,202,181,45
183344128,22.91932093892598,0.001280505210161209,918206521.0913086,17,6,10,253,80,78,0,128,177,121,19,167,115,0,250,119,255,0,214,208,173
183656704,22.95838456844835,0.0012800979893654585,914452481.4384766,17,6,10,253,80,78,0,128,240,227,69,136,196,0,0,120,255,0,182,29,197
183969280,22.997448962004476,0.001280454802326858,914447384.6628418,17,6,10,253,80,78,0,128,176,250,158,109,58,0,6,120,255,0,17,122,157
184281856,23.03650099242534,0.0012604484800249338,914711629.612793,17,6,10,253,81,78,0,128,83,201,115,22,215,0,12,120,255,0,99,167,253
184594176,23.075569121976553,0.0012809662148356438,914713394.3066406,17,6,10,253,81,78,0,128,127,131,73,39,252,0,18,120,255,0,4,157,21
184906752,23.114632730544166,0.0012805380392819643,914707208.3955078,17,6,10,253,81,78,0,128,14,235,6,152,13,0,24,120,255,0,48,149,29
185219328,23.153684434769296,0.001260205521248281,914710509.5571289,17,6,10,253,81,78,0,128,15,86,164,11,148,0,30,120,255,0,31,59,237
185844224,23.231815979173028,0.0012801013654097915,914454058.9580078,17,7,10,253,96,78,0,128,112,14,245,155,212,0,42,120,255,0,219,194,13
186156800,23.270868646967777,0.0012607324169948697,914448611.7556152,17,7,10,253,96,78,0,128,66,252,121,47,233,0,48,120,255,0,250,187,109
186469120,23.309943863007963,0.0012803366407752037,914449252.1181641,17,7,10,253,96,78,0,128,213,112,62,254,113,0,54,120,255,0,94,165,53
186781696,23.349000153420114,0.0012805903097614646,914709017.7099609,17,7,10,253,97,78,0,128,94,98,50,137,182,0,60,120,255,0,79,195,157
187094272,23.388052370454737,0.001260770601220429,914710673.3925781,17,7,10,253,97,78,0,128,203,85,11,88,143,0,66,120,255,0,241,244,141
187406592,23.42712779208438,0.0012805804144591093,914709829.5673828,17,7,10,253,97,78,0,128,78,147,191,102,230,0,72,120,255,0,104,87,53
187719168,23.466191779583863,0.0012805311707779765,914707674.4765625,17,7,10,253,97,78,0,128,163,238,19,127,108,0,78,120,255,0,8,199,45
188031744,23.50525522679984,0.001279941643588245,914454759.0087891,17,8,10,253,112,78,0,128,8,65,146,195,112,0,84,120,255,0,131,64,13
188344064,23.544313279612712,0.0012804752914234996,914450189.6606445,17,8,10,253,112,78,0,128,106,235,48,68,29,0,90,120,255,0,171,176,157
189281536,23.66149709425287,0.0012806046288460493,914708401.8151855,17,8,10,253,113,78,0,128,132,60,70,48,130,0,108,120,255,0,184,235,45
189594112,23.70056092400959,0.001280397642403841,914711354.7568359,17,8,10,253,113,78,0,128,25,161,137,58,235,0,114,120,255,0,241,93,21
189906688,23.73962519404906,0.0012806309387087822,914708227.5898438,17,8,10,253,113,78,0,128,158,41,5,149,150,0,120,120,255,0,238,13,93
190219264,23.778677771854767,0.0012611720012500882,914710278.0185547,17,8,10,253,113,78,0,128,228,181,112,4,148,0,126,120,255,0,21,149,221
190844160,23.85680867946669,0.0012804310536012053,914449743.9587402,17,9,10,253,0,78,0,128,26,222,106,14,57,0,138,120,255,0,161,249,125
191156736,23.89586085296198,0.0012605678057298064,914448595.0249023,17,9,10,253,0,78,0,128,131,124,122,128,6,0,144,120,255,0,92,197,93
191781632,23.973992495038168,0.0012805613223463297,914704270.1884155,17,9,10,253,1,78,0,128,176,254,223,152,230,0,156,120,255,0,120,66,141
192094208,24.013044091811956,0.0012601213529706001,914709605.4204102,17,9,10,253,1,78,0,128,35,52,10,161,95,0,162,120,255,0,140,189,45
192406528,24.05211191775201,0.0012803354766219854,914713715.6835938,17,9,10,253,1,78,0,128,166,129,94,62,137,0,168,120,255,0,44,123,165
192719104,24.091175916310952,0.0012802972923964262,914710309.9116211,17,9,10,253,1,78,0,128,187,34,71,8,88,0,174,120,255,0,158,128,93
195531776,24.442739190589258,0.0012600907357409596,914442521.6887207,18,1,254,253,32,66,0,112,255,255,241,239,25,8,0,6,240,255,0,150,98,173
195844096,24.481800773352937,0.0012801543343812227,914441749.4204102,18,1,254,253,32,66,0,112,255,255,241,239,25,8,0,12,240,255,0,30,98,29
196156672,24.5208529466154,0.0012602908536791801,914442615.7932129,18,1,254,253,32,66,0,112,255,255,241,239,25,8,0,18,240,255,0,6,103,253
196468992,24.55992025532218,0.0012799877440556884,914441907.1645508,18,1,254,253,32,66,0,112,255,255,241,239,25,8,0,24,240,255,0,142,103,125
196781568,24.5989848311847,0.001280526863411069,914699565.4433594,18,1,254,253,33,66,0,112,255,255,241,239,25,8,0,30,240,255,0,247,97,157
197094144,24.63803637417461,0.0012600331101566553,914699751.1142578,18,1,254,253,33,66,0,112,255,255,241,239,25,8,0,36,240,255,0,191,107,221
197406464,24.677103939926422,0.0012799870455637574,914699391.6386719,18,1,254,253,33,66,0,112,255,255,241,239,25,8,0,42,240,255,0,231,104,133
197448960,24.68245600412334,0.0012800853000953794,914692437.2155762,30,254,1,253,0,65,57,113,187,170,48,0,187,170,209,113,83,234,116,185,85,83,216,185,251,180,207,135,108,164,0,159,184,175,19
197781504,24.72398547746165,0.001280802534893155,914705302.3311768,20,1,254,253,48,74,48,128,129,84,205,160,171,37,113,9,0,48,240,255,0,194,243,183
198094080,24.763049157857516,0.0012804461875930429,918206206.116272,20,1,254,253,48,74,48,128,98,69,165,168,241,82,172,120,0,54,240,255,0,231,238,47
198406656,24.802101209931628,0.0012604615185409784,918200515.5566406,20,1,254,253,48,74,48,128,190,113,63,85,36,12,79,231,0,60,240,255,0,81,11,143
198718976,24.84116934774833,0.001280987518839538,918209245.1975098,20,1,254,253,48,74,48,128,26,18,124,217,21,226,208,160,0,66,240,255,0,2,59,175
199031552,24.880232820226432,0.001280423253774643,918201199.3481445,20,1,254,253,49,74,48,128,232,88,106,85,12,114,249,143,0,72,240,255,0,181,109,207
199344128,24.919284868808084,0.0012604350922629237,914702010.9293213,20,1,254,253,49,74,48,128,103,90,38,167,37,165,130,140,0,78,240,255,0,19,169,207
199656448,24.958352939685977,0.001280894153751433,914701404.6611328,20,1,254,253,49,74,48,128,210,84,42,203,6,2,68,155,0,84,240,255,0,127,88,119
199702272,24.964140294785707,0.001260481309145689,914695506.3564453,16,254,1,253,0,73,57,81,108,48,72,215,102,44,144,134,0,203,164,61,173
199980544,24.998836559648247,0.0012604291550815105,912887107.8551538,56,1,254,253,64,75,48,114,53,254,167,104,250,151,162,188,173,231,149,194,204,232,35,197,208,245,86,14,77,136,222,79,102,217,131,217,66,71,223,232,147,50,172,178,165,239,93,222,209,48,185,160,80,107,250,151,0,16,231,153
207227136,25.906012936423494,0.002580144675448537,918062464.6166992,51,255,1,255,16,73,57,115,205,224,114,4,168,132,233,191,43,254,79,136,34,193,97,214,66,152,43,248,219,166,31,153,103,246,194,180,16,97,80,98,36,99,235,226,86,119,121,180,32,252,50,0,208,230,233,205
207602176,25.9528952550392,0.0025596485938876867,918587889.5917969,51,255,1,255,17,73,57,115,116,135,233,148,66,236,230,83,26,159,211,162,147,11,253,19,201,172,62,63,94,202,203,17,213,174,84,44,95,76,252,186,128,219,215,83,187,193,17,117,246,158,218,0,113,236,153,77
221185536,27.64947989402301,0.001280441996641457,918212599.8105469,17,1,10,253,0,78,0,128,91,45,184,13,179,0,4,119,255,0,53,49,93
221498112,27.6885320545962,0.0012605658266693354,918209566.1464844,17,1,10,253,0,78,0,128,204,153,162,221,5,0,10,119,255,0,168,193,29
221810432,27.727599573781884,0.0012804731959477067,918211841.4697266,17,1,10,253,0,78,0,128,93,111,221,16,41,0,16,119,255,0,12,133,125
222123008,27.766662832521455,0.0012796951923519373,918213376.5756836,17,1,10,253,0,78,0,128,66,226,254,1,208,0,22,119,255,0,81,219,77
222747904,27.844785412185995,0.0012807189486920834,914709007.8208008,17,1,10,253,1,78,0,128,148,191,233,40,77,0,34,119,255,0,95,157,77
223060480,27.883849189788656,0.0012804598081856966,914709940.8701172,17,1,10,253,1,78,0,128,151,233,94,240,160,0,40,119,255,0,226,14,141
223685376,27.96196913776843,0.0012807592283934355,918215049.9892578,17,2,10,253,16,78,0,128,144,140,16,96,128,0,52,119,255,0,218,52,133
223997952,28.00103277381006,0.0012803585268557072,918211253.6967773,17,2,10,253,16,78,0,128,57,111,157,242,47,0,58,119,255,0,228,182,189
224310528,28.04008467012047,0.0012602180941030383,918214269.7119141,17,2,10,253,16,78,0,128,20,34,77,65,136,0,64,119,255,0,168,85,189
224622848,28.079159853564367,0.0012797897215932608,918215541.3046875,17,2,10,253,16,78,0,128,11,37,200,195,158,0,70,119,255,0,43,248,125
224935424,28.118216363302984,0.0012802627170458436,914712698.2412109,17,2,10,253,17,78,0,128,147,224,115,197,183,0,76,119,255,0,147,160,141
225248000,28.15726839733272,0.001260260003618896,914707706.1464844,17,2,10,253,17,78,0,128,163,91,17,246,146,0,82,119,255,0,162,191,77
225560320,28.196336070768705,0.001280321623198688,914707444.7854004,17,2,10,253,17,78,0,128,239,125,164,101,43,0,88,119,255,0,135,85,165
226185472,28.274452331415,0.0012605087831616402,918206805.6165771,17,3,10,253,32,78,0,128,73,249,156,221,172,0,100,119,255,0,186,18,45
226497792,28.313527494369797,0.001280059921555221,918209325.5563965,17,3,10,253,32,78,0,128,66,242,75,181,179,0,106,119,255,0,207,102,141
226810368,28.352591733559205,0.0012802623677998781,918213079.8032227,17,3,10,253,32,78,0,128,11,215,119,94,168,0,112,119,255,0,220,71,77
227122944,28.391635990757116,0.0012604828225448728,918210438.8398438,17,3,10,253,32,78,0,128,184,50,81,53,86,0,118,119,255,0,43,83,77
227435520,28.43070814822297,0.0012606035452336073,914709872.206543,17,3,10,253,33,78,0,128,87,105,76,118,220,0,124,119,255,0,239,150,237
227747840,28.469775689643978,0.0012805331498384476,914708563.0078125,17,3,10,253,33,78,0,128,31,60,2,218,11,0,130,119,255,0,60,5,13
228060416,28.508839607410685,0.0012804141733795404,914709989.5253906,17,3,10,253,33,78,0,128,203,245,128,165,178,0,136,119,255,0,196,229,93
228372992,28.547891418970742,0.0012601889902725816,914707081.5678711,17,3,10,253,33,78,0,128,66,185,143,63,105,0,142,119,255,0,207,43,125
228685312,28.586961508723146,0.001280759577639401,918208448.8483887,17,4,10,253,48,78,0,128,57,253,83,128,25,0,148,119,255,0,213,142,133
229310464,28.66507724852729,0.0012604258954524994,918212945.3740234,17,4,10,253,48,78,0,128,15,173,248,5,144,0,160,119,255,0,254,23,141
229622784,28.704145259102045,0.0012808246538043022,918214239.7451172,17,4,10,253,48,78,0,128,175,204,209,58,42,0,166,119,255,0,64,194,45
229935360,28.743208866272674,0.0012803950812667608,914707512.3925781,17,4,10,253,49,78,0,128,251,184,48,148,47,0,172,119,255,0,200,144,157
230247936,28.782259455588267,0.001258947653695941,914713310.7871094,17,4,10,253,49,78,0,128,208,150,213,152,201,0,178,119,255,0,86,186,13
230872832,28.860393240055622,0.0012810835614800453,914711269.6381836,17,4,10,253,49,78,0,128,199,211,62,127,235,0,190,119,255,0,171,110,61
231185408,28.89944518793802,0.0012609947007149458,918214297.1933594,17,5,10,253,64,78,0,128,243,32,66,142,154,0,196,119,255,0,216,103,109
231497728,28.938511999318546,0.0012801942648366094,918211735.1391602,17,5,10,253,64,78,0,128,167,236,246,71,65,0,202,119,255,0,72,127,189
231810304,28.977584665286525,0.001280823489651084,918212657.8271484,17,5,10,253,64,78,0,128,197,18,27,66,9,0,208,119,255,0,116,177,5
232122880,29.016628442969726,0.0012605644296854734,918212490.7612305,17,5,10,253,64,78,0,128,18,203,79,35,221,0,214,119,255,0,159,61,13
232435200,29.055703484503344,0.0012799941468983889,914713592.7255859,17,5,10,253,65,78,0,128,205,229,48,20,173,0,220,119,255,0,23,15,37
232747776,29.094767358265056,0.0012798311654478312,914713547.2851562,17,5,10,253,65,78,0,128,255,20,80,113,218,0,226,119,255,0,66,203,13
233060352,29.133831825395667,0.0012802615528926253,914707703.4414062,17,5,10,253,65,78,0,128,162,63,51,152,64,0,232,119,255,0,189,217,141
233685248,29.21195187349262,0.0012806610902771354,918210110.0859375,17,6,10,253,80,78,0,128,28,113,60,213,149,0,244,119,255,0,192,21,109
233997824,29.251015625833155,0.0012803766876459122,918206471.440918,17,6,10,253,80,78,0,128,177,121,19,173,115,0,250,119,255,0,220,112,253
234310400,29.290067423889035,0.0012601380003616214,914452818.8847656,17,6,10,253,80,78,0,128,240,227,69,130,196,0,0,120,255,0,188,189,93
234622720,29.329137398739515,0.0012805936858057976,914447176.7337646,17,6,10,253,80,78,0,128,176,250,158,103,58,0,6,120,255,0,27,218,141
234935296,29.368200858877593,0.0012800170807167888,914710235.8549805,17,6,10,253,81,78,0,128,83,201,115,28,215,0,12,120,255,0,105,7,77
235247872,29.40725367079451,0.0012607922544702888,914713052.8466797,17,6,10,253,81,78,0,128,127,131,73,45,252,0,18,120,255,0,14,61,45
235560192,29.44632092548458,0.0012804351281374693,914707326.7297363,17,6,10,253,81,78,0,128,14,235,6,146,13,0,24,120,255,0,58,53,229
235872768,29.48538506397474,0.001280536875128746,914709267.3110352,17,6,10,253,81,78,0,128,15,86,164,1,148,0,30,120,255,0,21,155,45
236497664,29.563504382147624,0.0012802064884454012,914453769.1044922,17,7,10,253,96,78,0,128,112,14,245,173,212,0,42,120,255,0,238,162,85
236810240,29.60256865055728,0.0012804381549358368,914447702.8140869,17,7,10,253,96,78,0,128,66,252,121,25,233,0,48,120,255,0,207,219,109
237122816,29.641620372593955,0.001260123448446393,914449967.5727539,17,7,10,253,96,78,0,128,213,112,62,200,113,0,54,120,255,0,107,197,93
237435136,29.68069614777693,0.0012802868150174618,914709529.8149414,17,7,10,253,97,78,0,128,94,98,50,191,182,0,60,120,255,0,122,163,13
237747968,29.719764540143863,0.0012602175120264292,914711000.9873047,17,7,10,253,97,78,0,128,203,85,11,110,143,0,66,120,255,0,196,148,29
238060288,29.758804575944872,0.0012606414966285229,914709621.1445312,17,7,10,253,97,78,0,128,78,147,191,80,230,0,72,120,255,0,93,55,13
238372608,29.797880204328127,0.0012806580634787679,914708267.6967773,17,7,10,253,97,78,0,128,163,238,19,73,108,0,78,120,255,0,61,167,101
238997760,29.8760080691982,0.001280449447222054,914450148.1474609,17,8,10,253,112,78,0,128,106,235,48,114,29,0,90,120,255,0,158,208,189
239935488,29.993204220835672,0.0012604908552020788,914706292.5090332,17,8,10,253,113,78,0,128,132,60,70,6,130,0,108,120,255,0,141,139,29
240247808,30.032243615421088,0.0012602736242115498,914711470.0605469,17,8,10,253,113,78,0,128,25,161,137,12,235,0,114,120,255,0,196,61,157
240560128,30.071313432063146,0.0012805711012333632,914708133.1689453,17,8,10,253,113,78,0,128,158,41,5,163,150,0,120,120,255,0,219,109,205
240872704,30.110376999186904,0.0012801014818251133,914708705.3012695,17,8,10,253,113,78,0,128,228,181,112,50,148,0,126,120,255,0,32,245,61
241185280,30.149428655099676,0.0012597206514328718,914453002.3886719,17,9,10,253,0,78,0,128,113,192,180,20,186,0,132,120,255,0,111,22,77
241497600,30.188496946118942,0.0012803998542949557,914449827.050293,17,9,10,253,0,78,0,128,26,222,106,52,57,0,138,120,255,0,152,89,197
241810176,30.227560986470984,0.0012804034631699324,914444116.9807434,17,9,10,253,0,78,0,128,131,124,122,186,6,0,144,120,255,0,101,101,253
242435072,30.305680595332927,0.0012803637655451894,914708041.7583008,17,9,10,253,1,78,0,128,176,254,223,162,230,0,156,120,255,0,65,226,181
242747648,30.3447447179906,0.0012804496800526977,914707803.8730469,17,9,10,253,1,78,0,128,35,52,10,155,95,0,162,120,255,0,181,29,237
243372544,30.422864281217738,0.0012803643476217985,914710794.362793,17,9,10,253,1,78,0,128,187,34,71,50,88,0,174,120,255,0,167,32,77
246185216,30.774419611258985,0.001260213553905487,914442251.0783691,18,1,254,253,32,66,0,112,255,255,241,239,35,8,0,6,240,255,0,175,194,237
246497536,30.813489697053267,0.0012807801831513643,914442881.8183594,18,1,254,253,32,66,0,112,255,255,241,239,35,8,0,12,240,255,0,39,194,13
246810112,30.852553064175503,0.0012801105622202158,914441948.7731934,18,1,254,253,32,66,0,112,255,255,241,239,35,8,0,18,240,255,0,63,199,157
247122688,30.89160326990261,0.0012601868947967887,914442217.5383301,18,1,254,253,32,66,0,112,255,255,241,239,35,8,0,24,240,255,0,183,199,221
247227392,30.906036909425975,0.002581600099802017,918712632.4846802,21,255,1,255,32,77,57,116,73,222,187,68,89,16,249,249,148,173,189,183,132,0,79,53,146,89
247435008,30.930672608776188,0.0012800066033378243,914699300.0957031,18,1,254,253,33,66,0,112,255,255,241,239,35,8,0,30,240,255,0,206,193,13
247477504,30.936024634439633,0.0012800663243979216,914692283.067627,30,254,1,253,0,65,57,113,187,170,48,0,187,170,209,113,83,234,116,185,85,83,216,185,251,180,207,135,108,164,0,159,184,172,19
247602176,30.95287134188503,0.0025597354397177696,917281783.4230957,21,255,1,255,33,77,57,116,75,45,126,250,72,52,134,178,177,196,133,64,238,0,9,26,130,217
247810048,30.97755180228891,0.0012803854187950492,914704217.8980103,20,1,254,253,48,74,48,128,43,76,40,210,52,42,148,153,0,36,240,255,0,86,112,111
248122624,31.01661584345586,0.0012803898425772786,914700760.1630859,20,1,254,253,48,74,48,128,210,30,4,53,203,116,206,19,0,42,240,255,0,107,4,159
248168448,31.02237561896719,0.0012803974095731974,914693212.5631104,16,254,1,253,0,73,57,81,25,163,102,41,48,93,61,14,0,93,228,220,237
248447488,31.05726887063437,0.0013000572798773646,918976063.5727539,16,254,1,253,0,73,57,81,16,179,250,222,68,216,192,146,0,2,170,57,237
255227136,31.906028832115368,0.00258004036732018,914822272.5634766,51,255,1,255,48,73,57,115,114,73,69,151,39,255,39,137,151,248,77,3,243,40,122,88,202,60,24,65,213,8,93,115,153,113,88,94,20,3,181,64,135,189,204,199,183,137,45,16,141,104,89,0,187,73,181,141
255602176,31.952895409405915,0.0025598029606044292,914299798.5698242,51,255,1,255,49,73,57,115,32,88,243,89,197,228,145,34,148,36,18,219,167,100,126,128,225,95,75,58,116,218,175,114,41,215,89,96,91,176,199,156,15,17,180,6,71,163,224,39,197,8,208,0,148,231,118,205
283718912,35.46615949097945,0.0012806674931198359,915354996.842041,17,1,10,253,0,78,7,128,149,186,101,89,147,0,4,119,255,0,253,194,53
284031488,35.50522486114371,0.001280093565583229,915359562.7954102,17,1,10,253,0,78,7,128,111,218,116,140,147,0,10,119,255,0,117,122,125
284344064,35.544275076416874,0.0012601794442161918,915361327.3945312,17,1,10,253,0,78,7,128,179,239,87,183,112,0,16,119,255,0,134,95,205
284656384,35.58334291306714,0.0012804042780771852,915361905.3979492,17,1,10,253,0,78,7,128,214,173,96,184,86,0,22,119,255,0,226,79,117
284968960,35.6224088386489,0.0012803857680410147,914709634.0214844,17,1,10,253,1,78,7,128,236,249,193,6,208,0,28,119,255,0,121,33,45
285281536,35.66145884926393,0.0012602669885382056,914711939.5634766,17,1,10,253,1,78,7,128,216,172,151,8,159,0,34,119,255,0,68,38,45
285593856,35.70052685588057,0.0012806617887690663,914707596.2211914,17,1,10,253,1,78,7,128,7,253,241,133,26,0,40,119,255,0,102,58,189
285906432,35.739592628492595,0.0012804903090000153,914710588.4824219,17,1,10,253,1,78,7,128,25,53,111,30,62,0,46,119,255,0,213,83,109
286514688,35.81569107311512,0.001300203730352223,915726802.5805664,16,10,1,253,0,77,57,81,154,28,196,135,63,5,249,255,0,156,85,69,173
286980352,35.87383950896951,0.0012801740085706115,913545011.7426758,11,1,10,253,64,79,48,128,95,87,65,0,102,121,247
287014656,35.87819477173006,0.0012597170425578952,913523325.0842285,16,10,1,253,0,77,57,81,127,244,33,222,150,93,233,34,0,41,14,54,173
287480320,35.93633608007262,0.001280559808947146,919115805.1469727,11,1,10,253,80,79,48,128,194,1,211,0,170,23,223
287602176,35.952908656133474,0.0025810496881604195,915335088.4140625,21,255,1,255,65,77,57,116,174,206,40,100,158,218,122,36,230,120,174,239,167,0,46,198,219,89
287730432,35.967572729740844,0.0012599506881088018,917952132.3476562,11,1,10,253,96,79,48,128,230,164,37,0,70,121,7
287764736,35.97194086444336,0.0013003656640648842,917940574.6015625,16,10,1,253,0,77,57,81,106,153,91,107,50,209,199,214,0,156,1,157,109
291795456,36.47577785337506,0.0012799544492736459,916380915.7036133,16,10,1,253,0,77,57,81,218,223,103,190,106,170,172,0,0,117,216,72,45
292027392,36.50477002838323,0.0012804302386939526,914169708.9980469,16,10,1,253,0,77,57,81,85,73,198,167,192,34,46,238,0,235,147,84,45
292352256,36.546641895952256,0.0026008454151451588,914571327.4995117,19,10,1,253,80,15,57,82,77,149,17,2,168,73,98,184,5,48,181,0,114,182,137
292407040,36.55214856419209,0.0012601320631802082,914579438.7539062,12,1,10,253,0,77,56,80,176,219,17,2,0,225,82,178
292545536,36.56952792014195,0.0012803918216377497,916504717.1767578,16,10,1,253,0,77,57,81,245,210,150,72,43,95,148,13,0,144,12,133,109
292777472,36.59851968362196,0.0012804560828953981,913130896.4169922,16,10,1,253,0,77,57,81,44,72,174,87,47,195,186,162,0,138,28,148,237
293102080,36.640392229182986,0.0026000668294727802,918979402.5272827,19,10,1,253,96,15,57,82,193,22,181,195,201,218,41,162,19,97,5,0,141,221,206
293156864,36.64590387138928,0.0012803274439647794,918986202.6826172,12,1,10,253,0,77,56,80,83,99,180,195,0,162,39,146
293277440,36.66102754462748,0.0013001317856833339,917805970.1240234,16,10,1,253,0,77,57,81,180,63,217,85,200,33,32,52,0,229,194,143,173
293602048,36.70287740782179,0.002581060165539384,914830468.2003174,19,10,1,253,112,15,57,82,14,113,249,136,21,146,21,74,42,175,184,0,76,135,244
293656576,36.70834078796636,0.0012595762964338064,914835289.2310791,12,1,10,253,0,77,56,80,161,133,249,136,0,207,155,42
294014720,36.753186644620776,0.0012999605387449265,915596725.7969971,16,10,1,253,0,77,57,81,116,89,162,136,88,89,204,221,0,168,4,101,173
294480384,36.811315001276874,0.0012598516186699271,916781885.9589844,11,1,10,253,112,79,56,128,74,37,69,0,188,55,71
294730240,36.842579110985795,0.0012812201166525483,918732313.5683594,11,1,10,253,0,79,56,128,140,127,46,0,59,234,183
295014912,36.87819761385989,0.0013002268970012665,915735316.9414062,16,10,1,253,0,77,57,81,200,173,208,150,176,225,166,228,0,32,87,127,173
300102144,37.515391776621136,0.002599984873086214,917031154.8976746,19,10,1,253,0,15,57,82,14,219,105,31,164,253,7,167,132,7,174,0,170,249,252
